{
    "labels": [
        "March",
        "April"
    ],
    "data": [
        {
            "label": "musagarw",
            "values": [
                21,
                5
            ]
        },
        {
            "label": "shybaska",
            "values": [
                21,
                5
            ]
        },
        {
            "label": "udukrish",
            "values": [
                23,
                5
            ]
        },
        {
            "label": "korani",
            "values": [
                1,
                0
            ]
        },
        {
            "label": "aisiddiq",
            "values": [
                21,
                5
            ]
        },
        {
            "label": "kzenith",
            "values": [
                4,
                1
            ]
        },
        {
            "label": "muthmari",
            "values": [
                22,
                5
            ]
        },
        {
            "label": "gdhyani",
            "values": [
                23,
                5
            ]
        },
        {
            "label": "clemes",
            "values": [
                3,
                1
            ]
        },
        {
            "label": "mahad",
            "values": [
                21,
                5
            ]
        },
        {
            "label": "ganesgan",
            "values": [
                21,
                5
            ]
        },
        {
            "label": "aamravin",
            "values": [
                23,
                5
            ]
        },
        {
            "label": "aajay2",
            "values": [
                17,
                0
            ]
        },
        {
            "label": "smucharl",
            "values": [
                23,
                5
            ]
        },
        {
            "label": "kdabbiru",
            "values": [
                6,
                0
            ]
        },
        {
            "label": "naibhatt",
            "values": [
                23,
                5
            ]
        },
        {
            "label": "amitkdas",
            "values": [
                21,
                5
            ]
        },
        {
            "label": "kabhish9",
            "values": [
                21,
                5
            ]
        },
        {
            "label": "kritiver",
            "values": [
                23,
                5
            ]
        },
        {
            "label": "shaupate",
            "values": [
                21,
                5
            ]
        },
        {
            "label": "ansingh7",
            "values": [
                22,
                6
            ]
        }
    ]
}