{
    "Clement Palmer": {
        "Available with shift allowance": 7,
        "Available without shift allowance": 0,
        "6th Day": 0,
        "Public Holiday": 0,
        "Not Available": 2,
        "Total Working Days": 7
    },
    "Shashiphalgun Mucharla": {
        "Available with shift allowance": 7,
        "Available without shift allowance": 0,
        "6th Day": 0,
        "Public Holiday": 0,
        "Not Available": 2,
        "Total Working Days": 7
    },
    "Aamir Ahad": {
        "Available with shift allowance": 7,
        "Available without shift allowance": 1,
        "6th Day": 0,
        "Public Holiday": 1,
        "Not Available": 1,
        "Total Working Days": 9
    },
    "Ankit Singh": {
        "Available with shift allowance": 7,
        "Available without shift allowance": 1,
        "6th Day": 0,
        "Public Holiday": 1,
        "Not Available": 1,
        "Total Working Days": 9
    },
    "Kritika Verma": {
        "Available with shift allowance": 7,
        "Available without shift allowance": 1,
        "6th Day": 0,
        "Public Holiday": 1,
        "Not Available": 1,
        "Total Working Days": 9
    },
    "Naitik Bhatt": {
        "Available with shift allowance": 7,
        "Available without shift allowance": 0,
        "6th Day": 0,
        "Public Holiday": 0,
        "Not Available": 2,
        "Total Working Days": 7
    },
    "Aisha Siddiqui": {
        "Available with shift allowance": 7,
        "Available without shift allowance": 0,
        "6th Day": 0,
        "Public Holiday": 1,
        "Not Available": 2,
        "Total Working Days": 8
    },
    "Aamani Ravindra": {
        "Available with shift allowance": 7,
        "Available without shift allowance": 1,
        "6th Day": 0,
        "Public Holiday": 1,
        "Not Available": 1,
        "Total Working Days": 9
    },
    "Shaunak Patel": {
        "Available with shift allowance": 7,
        "Available without shift allowance": 0,
        "6th Day": 0,
        "Public Holiday": 0,
        "Not Available": 2,
        "Total Working Days": 7
    },
    "Udupi Krishna": {
        "Available with shift allowance": 5,
        "Available without shift allowance": 2,
        "6th Day": 0,
        "Public Holiday": 0,
        "Not Available": 2,
        "Total Working Days": 7
    },
    "Gaurav Dhyani": {
        "Available with shift allowance": 7,
        "Available without shift allowance": 0,
        "6th Day": 0,
        "Public Holiday": 0,
        "Not Available": 2,
        "Total Working Days": 7
    },
    "Karishma Dabbiru": {
        "Available with shift allowance": 7,
        "Available without shift allowance": 2,
        "6th Day": 0,
        "Public Holiday": 2,
        "Not Available": 0,
        "Total Working Days": 11
    },
    "Muskan Agarwal": {
        "Available with shift allowance": 6,
        "Available without shift allowance": 0,
        "6th Day": 0,
        "Public Holiday": 0,
        "Not Available": 3,
        "Total Working Days": 6
    },
    "Kondaveeti Siva Naga Rani": {
        "Available with shift allowance": 7,
        "Available without shift allowance": 0,
        "6th Day": 0,
        "Public Holiday": 0,
        "Not Available": 2,
        "Total Working Days": 7
    },
    "Amit Kumar Das": {
        "Available with shift allowance": 7,
        "Available without shift allowance": 1,
        "6th Day": 0,
        "Public Holiday": 1,
        "Not Available": 1,
        "Total Working Days": 9
    },
    "Ajay Ajay": {
        "Available with shift allowance": 7,
        "Available without shift allowance": 1,
        "6th Day": 0,
        "Public Holiday": 1,
        "Not Available": 1,
        "Total Working Days": 9
    },
    "Abhishek Kumar": {
        "Available with shift allowance": 7,
        "Available without shift allowance": 1,
        "6th Day": 0,
        "Public Holiday": 1,
        "Not Available": 1,
        "Total Working Days": 9
    },
    "Kannan Zenith": {
        "Available with shift allowance": 6,
        "Available without shift allowance": 0,
        "6th Day": 0,
        "Public Holiday": 0,
        "Not Available": 3,
        "Total Working Days": 6
    },
    "Muthu M": {
        "Available with shift allowance": 7,
        "Available without shift allowance": 0,
        "6th Day": 0,
        "Public Holiday": 0,
        "Not Available": 2,
        "Total Working Days": 7
    },
    "Shyam Sundar Baskaran": {
        "Available with shift allowance": 7,
        "Available without shift allowance": 0,
        "6th Day": 0,
        "Public Holiday": 0,
        "Not Available": 2,
        "Total Working Days": 7
    },
    "V Ganesh": {
        "Available with shift allowance": 7,
        "Available without shift allowance": 0,
        "6th Day": 0,
        "Public Holiday": 0,
        "Not Available": 2,
        "Total Working Days": 7
    }
}