{
    "labels": [
        "March"
    ],
    "data": [
        {
            "label": "issjohn",
            "values": [
                17
            ]
        },
        {
            "label": "atanand2",
            "values": [
                17
            ]
        },
        {
            "label": "deepthir",
            "values": [
                16
            ]
        },
        {
            "label": "sumram",
            "values": [
                18
            ]
        },
        {
            "label": "pnemala",
            "values": [
                16
            ]
        }
    ]
}